{"cameraMode":{"drawMode":0,"name":"Shaded","section":"Shading Mode"},"sceneLighting":false,"audioPlay":false,"sceneViewState":{"showFog":true,"showMaterialUpdate":false,"showSkybox":false,"showFlares":true,"showImageEffects":true,"showParticleSystems":true},"in2DMode":false,"pivot":{"x":340.5654602050781,"y":184.73526000976563,"z":-101.66374969482422},"rotation":{"x":-0.20276735723018647,"y":0.5085762739181519,"z":-0.12462425976991654,"w":-0.8274695873260498},"size":138.3197784423828,"orthographic":false}